#
# MDEV-27744 InnoDB: Failing assertion: !cursor->index->is_committed() in row0ins.cc (from row_ins_sec_index_entry_by_modify) | Assertion `0' failed in row_upd_sec_index_entry (debug) | Corruption
#
SET sql_mode=DEFAULT;
CREATE PROCEDURE p1(sqlmode TEXT, qualifier TEXT, expr TEXT)
BEGIN
DECLARE query TEXT DEFAULT 'SELECT $(QUALIFIER)$(EXPR)';
DECLARE errmsg TEXT DEFAULT NULL;
DECLARE CONTINUE HANDLER FOR 1128, 1305
BEGIN
GET DIAGNOSTICS CONDITION 1 errmsg = MESSAGE_TEXT;
END;
SET sql_mode=sqlmode;
SET query=REPLACE(query, '$(QUALIFIER)', qualifier);
SET query=REPLACE(query, '$(EXPR)', expr);
SET query= CONCAT('EXPLAIN EXTENDED ', query);
SELECT CONCAT('sql_mode=''',sqlmode,'''', '   ',
'qualifier=''',qualifier,'''') AS `----------`;
SELECT query;
EXECUTE IMMEDIATE query;
IF errmsg IS NOT NULL THEN
SELECT CONCAT('ERROR: ', errmsg) AS errmsg;
ELSE
SHOW WARNINGS;
END IF;
END;
$$
CREATE PROCEDURE p2(sqlmode TEXT, expr TEXT)
BEGIN
CALL p1(sqlmode, '',                expr);
CALL p1(sqlmode, 'unknown_schema.', expr);
CALL p1(sqlmode, 'mariadb_schema.', expr);
CALL p1(sqlmode, 'maxdb_schema.',   expr);
CALL p1(sqlmode, 'oracle_schema.',  expr);
END;
$$
CREATE PROCEDURE p3(expr TEXT)
BEGIN
CALL p2('',       expr);
CALL p2('ORACLE', expr);
END;
$$
CALL p3('CONCAT(''a'')');
----------
sql_mode=''   qualifier=''
query
EXPLAIN EXTENDED SELECT CONCAT('a')
id	select_type	table	type	possible_keys	key	key_len	ref	rows	filtered	Extra
1	SIMPLE	NULL	NULL	NULL	NULL	NULL	NULL	NULL	NULL	No tables used
Level	Code	Message
Note	1003	select mariadb_schema.concat('a') AS `CONCAT('a')`
----------
sql_mode=''   qualifier='unknown_schema.'
query
EXPLAIN EXTENDED SELECT unknown_schema.CONCAT('a')
errmsg
ERROR: FUNCTION unknown_schema.CONCAT does not exist
----------
sql_mode=''   qualifier='mariadb_schema.'
query
EXPLAIN EXTENDED SELECT mariadb_schema.CONCAT('a')
id	select_type	table	type	possible_keys	key	key_len	ref	rows	filtered	Extra
1	SIMPLE	NULL	NULL	NULL	NULL	NULL	NULL	NULL	NULL	No tables used
Level	Code	Message
Note	1003	select mariadb_schema.concat('a') AS `mariadb_schema.CONCAT('a')`
----------
sql_mode=''   qualifier='maxdb_schema.'
query
EXPLAIN EXTENDED SELECT maxdb_schema.CONCAT('a')
id	select_type	table	type	possible_keys	key	key_len	ref	rows	filtered	Extra
1	SIMPLE	NULL	NULL	NULL	NULL	NULL	NULL	NULL	NULL	No tables used
Level	Code	Message
Note	1003	select mariadb_schema.concat('a') AS `maxdb_schema.CONCAT('a')`
----------
sql_mode=''   qualifier='oracle_schema.'
query
EXPLAIN EXTENDED SELECT oracle_schema.CONCAT('a')
id	select_type	table	type	possible_keys	key	key_len	ref	rows	filtered	Extra
1	SIMPLE	NULL	NULL	NULL	NULL	NULL	NULL	NULL	NULL	No tables used
Level	Code	Message
Note	1003	select concat_operator_oracle('a') AS `oracle_schema.CONCAT('a')`
----------
sql_mode='ORACLE'   qualifier=''
query
EXPLAIN EXTENDED SELECT CONCAT('a')
id	select_type	table	type	possible_keys	key	key_len	ref	rows	filtered	Extra
1	SIMPLE	NULL	NULL	NULL	NULL	NULL	NULL	NULL	NULL	No tables used
Level	Code	Message
Note	1003	select concat_operator_oracle('a') AS "CONCAT('a')"
----------
sql_mode='ORACLE'   qualifier='unknown_schema.'
query
EXPLAIN EXTENDED SELECT unknown_schema.CONCAT('a')
errmsg
ERROR: FUNCTION unknown_schema.CONCAT does not exist
----------
sql_mode='ORACLE'   qualifier='mariadb_schema.'
query
EXPLAIN EXTENDED SELECT mariadb_schema.CONCAT('a')
id	select_type	table	type	possible_keys	key	key_len	ref	rows	filtered	Extra
1	SIMPLE	NULL	NULL	NULL	NULL	NULL	NULL	NULL	NULL	No tables used
Level	Code	Message
Note	1003	select mariadb_schema.concat('a') AS "mariadb_schema.CONCAT('a')"
----------
sql_mode='ORACLE'   qualifier='maxdb_schema.'
query
EXPLAIN EXTENDED SELECT maxdb_schema.CONCAT('a')
id	select_type	table	type	possible_keys	key	key_len	ref	rows	filtered	Extra
1	SIMPLE	NULL	NULL	NULL	NULL	NULL	NULL	NULL	NULL	No tables used
Level	Code	Message
Note	1003	select mariadb_schema.concat('a') AS "maxdb_schema.CONCAT('a')"
----------
sql_mode='ORACLE'   qualifier='oracle_schema.'
query
EXPLAIN EXTENDED SELECT oracle_schema.CONCAT('a')
id	select_type	table	type	possible_keys	key	key_len	ref	rows	filtered	Extra
1	SIMPLE	NULL	NULL	NULL	NULL	NULL	NULL	NULL	NULL	No tables used
Level	Code	Message
Note	1003	select concat_operator_oracle('a') AS "oracle_schema.CONCAT('a')"
Warnings:
Note	1003	select concat_operator_oracle('a') AS "oracle_schema.CONCAT('a')"
CALL p3('LTRIM(''a'')');
----------
sql_mode=''   qualifier=''
query
EXPLAIN EXTENDED SELECT LTRIM('a')
id	select_type	table	type	possible_keys	key	key_len	ref	rows	filtered	Extra
1	SIMPLE	NULL	NULL	NULL	NULL	NULL	NULL	NULL	NULL	No tables used
Level	Code	Message
Note	1003	select mariadb_schema.ltrim('a') AS `LTRIM('a')`
----------
sql_mode=''   qualifier='unknown_schema.'
query
EXPLAIN EXTENDED SELECT unknown_schema.LTRIM('a')
errmsg
ERROR: FUNCTION unknown_schema.LTRIM does not exist
----------
sql_mode=''   qualifier='mariadb_schema.'
query
EXPLAIN EXTENDED SELECT mariadb_schema.LTRIM('a')
id	select_type	table	type	possible_keys	key	key_len	ref	rows	filtered	Extra
1	SIMPLE	NULL	NULL	NULL	NULL	NULL	NULL	NULL	NULL	No tables used
Level	Code	Message
Note	1003	select mariadb_schema.ltrim('a') AS `mariadb_schema.LTRIM('a')`
----------
sql_mode=''   qualifier='maxdb_schema.'
query
EXPLAIN EXTENDED SELECT maxdb_schema.LTRIM('a')
id	select_type	table	type	possible_keys	key	key_len	ref	rows	filtered	Extra
1	SIMPLE	NULL	NULL	NULL	NULL	NULL	NULL	NULL	NULL	No tables used
Level	Code	Message
Note	1003	select mariadb_schema.ltrim('a') AS `maxdb_schema.LTRIM('a')`
----------
sql_mode=''   qualifier='oracle_schema.'
query
EXPLAIN EXTENDED SELECT oracle_schema.LTRIM('a')
id	select_type	table	type	possible_keys	key	key_len	ref	rows	filtered	Extra
1	SIMPLE	NULL	NULL	NULL	NULL	NULL	NULL	NULL	NULL	No tables used
Level	Code	Message
Note	1003	select ltrim_oracle('a') AS `oracle_schema.LTRIM('a')`
----------
sql_mode='ORACLE'   qualifier=''
query
EXPLAIN EXTENDED SELECT LTRIM('a')
id	select_type	table	type	possible_keys	key	key_len	ref	rows	filtered	Extra
1	SIMPLE	NULL	NULL	NULL	NULL	NULL	NULL	NULL	NULL	No tables used
Level	Code	Message
Note	1003	select ltrim_oracle('a') AS "LTRIM('a')"
----------
sql_mode='ORACLE'   qualifier='unknown_schema.'
query
EXPLAIN EXTENDED SELECT unknown_schema.LTRIM('a')
errmsg
ERROR: FUNCTION unknown_schema.LTRIM does not exist
----------
sql_mode='ORACLE'   qualifier='mariadb_schema.'
query
EXPLAIN EXTENDED SELECT mariadb_schema.LTRIM('a')
id	select_type	table	type	possible_keys	key	key_len	ref	rows	filtered	Extra
1	SIMPLE	NULL	NULL	NULL	NULL	NULL	NULL	NULL	NULL	No tables used
Level	Code	Message
Note	1003	select mariadb_schema.ltrim('a') AS "mariadb_schema.LTRIM('a')"
----------
sql_mode='ORACLE'   qualifier='maxdb_schema.'
query
EXPLAIN EXTENDED SELECT maxdb_schema.LTRIM('a')
id	select_type	table	type	possible_keys	key	key_len	ref	rows	filtered	Extra
1	SIMPLE	NULL	NULL	NULL	NULL	NULL	NULL	NULL	NULL	No tables used
Level	Code	Message
Note	1003	select mariadb_schema.ltrim('a') AS "maxdb_schema.LTRIM('a')"
----------
sql_mode='ORACLE'   qualifier='oracle_schema.'
query
EXPLAIN EXTENDED SELECT oracle_schema.LTRIM('a')
id	select_type	table	type	possible_keys	key	key_len	ref	rows	filtered	Extra
1	SIMPLE	NULL	NULL	NULL	NULL	NULL	NULL	NULL	NULL	No tables used
Level	Code	Message
Note	1003	select ltrim_oracle('a') AS "oracle_schema.LTRIM('a')"
Warnings:
Note	1003	select ltrim_oracle('a') AS "oracle_schema.LTRIM('a')"
CALL p3('RTRIM(''a'')');
----------
sql_mode=''   qualifier=''
query
EXPLAIN EXTENDED SELECT RTRIM('a')
id	select_type	table	type	possible_keys	key	key_len	ref	rows	filtered	Extra
1	SIMPLE	NULL	NULL	NULL	NULL	NULL	NULL	NULL	NULL	No tables used
Level	Code	Message
Note	1003	select mariadb_schema.rtrim('a') AS `RTRIM('a')`
----------
sql_mode=''   qualifier='unknown_schema.'
query
EXPLAIN EXTENDED SELECT unknown_schema.RTRIM('a')
errmsg
ERROR: FUNCTION unknown_schema.RTRIM does not exist
----------
sql_mode=''   qualifier='mariadb_schema.'
query
EXPLAIN EXTENDED SELECT mariadb_schema.RTRIM('a')
id	select_type	table	type	possible_keys	key	key_len	ref	rows	filtered	Extra
1	SIMPLE	NULL	NULL	NULL	NULL	NULL	NULL	NULL	NULL	No tables used
Level	Code	Message
Note	1003	select mariadb_schema.rtrim('a') AS `mariadb_schema.RTRIM('a')`
----------
sql_mode=''   qualifier='maxdb_schema.'
query
EXPLAIN EXTENDED SELECT maxdb_schema.RTRIM('a')
id	select_type	table	type	possible_keys	key	key_len	ref	rows	filtered	Extra
1	SIMPLE	NULL	NULL	NULL	NULL	NULL	NULL	NULL	NULL	No tables used
Level	Code	Message
Note	1003	select mariadb_schema.rtrim('a') AS `maxdb_schema.RTRIM('a')`
----------
sql_mode=''   qualifier='oracle_schema.'
query
EXPLAIN EXTENDED SELECT oracle_schema.RTRIM('a')
id	select_type	table	type	possible_keys	key	key_len	ref	rows	filtered	Extra
1	SIMPLE	NULL	NULL	NULL	NULL	NULL	NULL	NULL	NULL	No tables used
Level	Code	Message
Note	1003	select rtrim_oracle('a') AS `oracle_schema.RTRIM('a')`
----------
sql_mode='ORACLE'   qualifier=''
query
EXPLAIN EXTENDED SELECT RTRIM('a')
id	select_type	table	type	possible_keys	key	key_len	ref	rows	filtered	Extra
1	SIMPLE	NULL	NULL	NULL	NULL	NULL	NULL	NULL	NULL	No tables used
Level	Code	Message
Note	1003	select rtrim_oracle('a') AS "RTRIM('a')"
----------
sql_mode='ORACLE'   qualifier='unknown_schema.'
query
EXPLAIN EXTENDED SELECT unknown_schema.RTRIM('a')
errmsg
ERROR: FUNCTION unknown_schema.RTRIM does not exist
----------
sql_mode='ORACLE'   qualifier='mariadb_schema.'
query
EXPLAIN EXTENDED SELECT mariadb_schema.RTRIM('a')
id	select_type	table	type	possible_keys	key	key_len	ref	rows	filtered	Extra
1	SIMPLE	NULL	NULL	NULL	NULL	NULL	NULL	NULL	NULL	No tables used
Level	Code	Message
Note	1003	select mariadb_schema.rtrim('a') AS "mariadb_schema.RTRIM('a')"
----------
sql_mode='ORACLE'   qualifier='maxdb_schema.'
query
EXPLAIN EXTENDED SELECT maxdb_schema.RTRIM('a')
id	select_type	table	type	possible_keys	key	key_len	ref	rows	filtered	Extra
1	SIMPLE	NULL	NULL	NULL	NULL	NULL	NULL	NULL	NULL	No tables used
Level	Code	Message
Note	1003	select mariadb_schema.rtrim('a') AS "maxdb_schema.RTRIM('a')"
----------
sql_mode='ORACLE'   qualifier='oracle_schema.'
query
EXPLAIN EXTENDED SELECT oracle_schema.RTRIM('a')
id	select_type	table	type	possible_keys	key	key_len	ref	rows	filtered	Extra
1	SIMPLE	NULL	NULL	NULL	NULL	NULL	NULL	NULL	NULL	No tables used
Level	Code	Message
Note	1003	select rtrim_oracle('a') AS "oracle_schema.RTRIM('a')"
Warnings:
Note	1003	select rtrim_oracle('a') AS "oracle_schema.RTRIM('a')"
CALL p3('LPAD(''a'',3)');
----------
sql_mode=''   qualifier=''
query
EXPLAIN EXTENDED SELECT LPAD('a',3)
id	select_type	table	type	possible_keys	key	key_len	ref	rows	filtered	Extra
1	SIMPLE	NULL	NULL	NULL	NULL	NULL	NULL	NULL	NULL	No tables used
Level	Code	Message
Note	1003	select mariadb_schema.lpad('a',3) AS `LPAD('a',3)`
----------
sql_mode=''   qualifier='unknown_schema.'
query
EXPLAIN EXTENDED SELECT unknown_schema.LPAD('a',3)
errmsg
ERROR: FUNCTION unknown_schema.LPAD does not exist
----------
sql_mode=''   qualifier='mariadb_schema.'
query
EXPLAIN EXTENDED SELECT mariadb_schema.LPAD('a',3)
id	select_type	table	type	possible_keys	key	key_len	ref	rows	filtered	Extra
1	SIMPLE	NULL	NULL	NULL	NULL	NULL	NULL	NULL	NULL	No tables used
Level	Code	Message
Note	1003	select mariadb_schema.lpad('a',3) AS `mariadb_schema.LPAD('a',3)`
----------
sql_mode=''   qualifier='maxdb_schema.'
query
EXPLAIN EXTENDED SELECT maxdb_schema.LPAD('a',3)
id	select_type	table	type	possible_keys	key	key_len	ref	rows	filtered	Extra
1	SIMPLE	NULL	NULL	NULL	NULL	NULL	NULL	NULL	NULL	No tables used
Level	Code	Message
Note	1003	select mariadb_schema.lpad('a',3) AS `maxdb_schema.LPAD('a',3)`
----------
sql_mode=''   qualifier='oracle_schema.'
query
EXPLAIN EXTENDED SELECT oracle_schema.LPAD('a',3)
id	select_type	table	type	possible_keys	key	key_len	ref	rows	filtered	Extra
1	SIMPLE	NULL	NULL	NULL	NULL	NULL	NULL	NULL	NULL	No tables used
Level	Code	Message
Note	1003	select lpad_oracle('a',3) AS `oracle_schema.LPAD('a',3)`
----------
sql_mode='ORACLE'   qualifier=''
query
EXPLAIN EXTENDED SELECT LPAD('a',3)
id	select_type	table	type	possible_keys	key	key_len	ref	rows	filtered	Extra
1	SIMPLE	NULL	NULL	NULL	NULL	NULL	NULL	NULL	NULL	No tables used
Level	Code	Message
Note	1003	select lpad_oracle('a',3) AS "LPAD('a',3)"
----------
sql_mode='ORACLE'   qualifier='unknown_schema.'
query
EXPLAIN EXTENDED SELECT unknown_schema.LPAD('a',3)
errmsg
ERROR: FUNCTION unknown_schema.LPAD does not exist
----------
sql_mode='ORACLE'   qualifier='mariadb_schema.'
query
EXPLAIN EXTENDED SELECT mariadb_schema.LPAD('a',3)
id	select_type	table	type	possible_keys	key	key_len	ref	rows	filtered	Extra
1	SIMPLE	NULL	NULL	NULL	NULL	NULL	NULL	NULL	NULL	No tables used
Level	Code	Message
Note	1003	select mariadb_schema.lpad('a',3) AS "mariadb_schema.LPAD('a',3)"
----------
sql_mode='ORACLE'   qualifier='maxdb_schema.'
query
EXPLAIN EXTENDED SELECT maxdb_schema.LPAD('a',3)
id	select_type	table	type	possible_keys	key	key_len	ref	rows	filtered	Extra
1	SIMPLE	NULL	NULL	NULL	NULL	NULL	NULL	NULL	NULL	No tables used
Level	Code	Message
Note	1003	select mariadb_schema.lpad('a',3) AS "maxdb_schema.LPAD('a',3)"
----------
sql_mode='ORACLE'   qualifier='oracle_schema.'
query
EXPLAIN EXTENDED SELECT oracle_schema.LPAD('a',3)
id	select_type	table	type	possible_keys	key	key_len	ref	rows	filtered	Extra
1	SIMPLE	NULL	NULL	NULL	NULL	NULL	NULL	NULL	NULL	No tables used
Level	Code	Message
Note	1003	select lpad_oracle('a',3) AS "oracle_schema.LPAD('a',3)"
Warnings:
Note	1003	select lpad_oracle('a',3) AS "oracle_schema.LPAD('a',3)"
CALL p3('LPAD(''a'',3, '' '')');
----------
sql_mode=''   qualifier=''
query
EXPLAIN EXTENDED SELECT LPAD('a',3, ' ')
id	select_type	table	type	possible_keys	key	key_len	ref	rows	filtered	Extra
1	SIMPLE	NULL	NULL	NULL	NULL	NULL	NULL	NULL	NULL	No tables used
Level	Code	Message
Note	1003	select mariadb_schema.lpad('a',3,' ') AS `LPAD('a',3, ' ')`
----------
sql_mode=''   qualifier='unknown_schema.'
query
EXPLAIN EXTENDED SELECT unknown_schema.LPAD('a',3, ' ')
errmsg
ERROR: FUNCTION unknown_schema.LPAD does not exist
----------
sql_mode=''   qualifier='mariadb_schema.'
query
EXPLAIN EXTENDED SELECT mariadb_schema.LPAD('a',3, ' ')
id	select_type	table	type	possible_keys	key	key_len	ref	rows	filtered	Extra
1	SIMPLE	NULL	NULL	NULL	NULL	NULL	NULL	NULL	NULL	No tables used
Level	Code	Message
Note	1003	select mariadb_schema.lpad('a',3,' ') AS `mariadb_schema.LPAD('a',3, ' ')`
----------
sql_mode=''   qualifier='maxdb_schema.'
query
EXPLAIN EXTENDED SELECT maxdb_schema.LPAD('a',3, ' ')
id	select_type	table	type	possible_keys	key	key_len	ref	rows	filtered	Extra
1	SIMPLE	NULL	NULL	NULL	NULL	NULL	NULL	NULL	NULL	No tables used
Level	Code	Message
Note	1003	select mariadb_schema.lpad('a',3,' ') AS `maxdb_schema.LPAD('a',3, ' ')`
----------
sql_mode=''   qualifier='oracle_schema.'
query
EXPLAIN EXTENDED SELECT oracle_schema.LPAD('a',3, ' ')
id	select_type	table	type	possible_keys	key	key_len	ref	rows	filtered	Extra
1	SIMPLE	NULL	NULL	NULL	NULL	NULL	NULL	NULL	NULL	No tables used
Level	Code	Message
Note	1003	select lpad_oracle('a',3,' ') AS `oracle_schema.LPAD('a',3, ' ')`
----------
sql_mode='ORACLE'   qualifier=''
query
EXPLAIN EXTENDED SELECT LPAD('a',3, ' ')
id	select_type	table	type	possible_keys	key	key_len	ref	rows	filtered	Extra
1	SIMPLE	NULL	NULL	NULL	NULL	NULL	NULL	NULL	NULL	No tables used
Level	Code	Message
Note	1003	select lpad_oracle('a',3,' ') AS "LPAD('a',3, ' ')"
----------
sql_mode='ORACLE'   qualifier='unknown_schema.'
query
EXPLAIN EXTENDED SELECT unknown_schema.LPAD('a',3, ' ')
errmsg
ERROR: FUNCTION unknown_schema.LPAD does not exist
----------
sql_mode='ORACLE'   qualifier='mariadb_schema.'
query
EXPLAIN EXTENDED SELECT mariadb_schema.LPAD('a',3, ' ')
id	select_type	table	type	possible_keys	key	key_len	ref	rows	filtered	Extra
1	SIMPLE	NULL	NULL	NULL	NULL	NULL	NULL	NULL	NULL	No tables used
Level	Code	Message
Note	1003	select mariadb_schema.lpad('a',3,' ') AS "mariadb_schema.LPAD('a',3, ' ')"
----------
sql_mode='ORACLE'   qualifier='maxdb_schema.'
query
EXPLAIN EXTENDED SELECT maxdb_schema.LPAD('a',3, ' ')
id	select_type	table	type	possible_keys	key	key_len	ref	rows	filtered	Extra
1	SIMPLE	NULL	NULL	NULL	NULL	NULL	NULL	NULL	NULL	No tables used
Level	Code	Message
Note	1003	select mariadb_schema.lpad('a',3,' ') AS "maxdb_schema.LPAD('a',3, ' ')"
----------
sql_mode='ORACLE'   qualifier='oracle_schema.'
query
EXPLAIN EXTENDED SELECT oracle_schema.LPAD('a',3, ' ')
id	select_type	table	type	possible_keys	key	key_len	ref	rows	filtered	Extra
1	SIMPLE	NULL	NULL	NULL	NULL	NULL	NULL	NULL	NULL	No tables used
Level	Code	Message
Note	1003	select lpad_oracle('a',3,' ') AS "oracle_schema.LPAD('a',3, ' ')"
Warnings:
Note	1003	select lpad_oracle('a',3,' ') AS "oracle_schema.LPAD('a',3, ' ')"
CALL p3('RPAD(''a'',3)');
----------
sql_mode=''   qualifier=''
query
EXPLAIN EXTENDED SELECT RPAD('a',3)
id	select_type	table	type	possible_keys	key	key_len	ref	rows	filtered	Extra
1	SIMPLE	NULL	NULL	NULL	NULL	NULL	NULL	NULL	NULL	No tables used
Level	Code	Message
Note	1003	select mariadb_schema.rpad('a',3) AS `RPAD('a',3)`
----------
sql_mode=''   qualifier='unknown_schema.'
query
EXPLAIN EXTENDED SELECT unknown_schema.RPAD('a',3)
errmsg
ERROR: FUNCTION unknown_schema.RPAD does not exist
----------
sql_mode=''   qualifier='mariadb_schema.'
query
EXPLAIN EXTENDED SELECT mariadb_schema.RPAD('a',3)
id	select_type	table	type	possible_keys	key	key_len	ref	rows	filtered	Extra
1	SIMPLE	NULL	NULL	NULL	NULL	NULL	NULL	NULL	NULL	No tables used
Level	Code	Message
Note	1003	select mariadb_schema.rpad('a',3) AS `mariadb_schema.RPAD('a',3)`
----------
sql_mode=''   qualifier='maxdb_schema.'
query
EXPLAIN EXTENDED SELECT maxdb_schema.RPAD('a',3)
id	select_type	table	type	possible_keys	key	key_len	ref	rows	filtered	Extra
1	SIMPLE	NULL	NULL	NULL	NULL	NULL	NULL	NULL	NULL	No tables used
Level	Code	Message
Note	1003	select mariadb_schema.rpad('a',3) AS `maxdb_schema.RPAD('a',3)`
----------
sql_mode=''   qualifier='oracle_schema.'
query
EXPLAIN EXTENDED SELECT oracle_schema.RPAD('a',3)
id	select_type	table	type	possible_keys	key	key_len	ref	rows	filtered	Extra
1	SIMPLE	NULL	NULL	NULL	NULL	NULL	NULL	NULL	NULL	No tables used
Level	Code	Message
Note	1003	select rpad_oracle('a',3) AS `oracle_schema.RPAD('a',3)`
----------
sql_mode='ORACLE'   qualifier=''
query
EXPLAIN EXTENDED SELECT RPAD('a',3)
id	select_type	table	type	possible_keys	key	key_len	ref	rows	filtered	Extra
1	SIMPLE	NULL	NULL	NULL	NULL	NULL	NULL	NULL	NULL	No tables used
Level	Code	Message
Note	1003	select rpad_oracle('a',3) AS "RPAD('a',3)"
----------
sql_mode='ORACLE'   qualifier='unknown_schema.'
query
EXPLAIN EXTENDED SELECT unknown_schema.RPAD('a',3)
errmsg
ERROR: FUNCTION unknown_schema.RPAD does not exist
----------
sql_mode='ORACLE'   qualifier='mariadb_schema.'
query
EXPLAIN EXTENDED SELECT mariadb_schema.RPAD('a',3)
id	select_type	table	type	possible_keys	key	key_len	ref	rows	filtered	Extra
1	SIMPLE	NULL	NULL	NULL	NULL	NULL	NULL	NULL	NULL	No tables used
Level	Code	Message
Note	1003	select mariadb_schema.rpad('a',3) AS "mariadb_schema.RPAD('a',3)"
----------
sql_mode='ORACLE'   qualifier='maxdb_schema.'
query
EXPLAIN EXTENDED SELECT maxdb_schema.RPAD('a',3)
id	select_type	table	type	possible_keys	key	key_len	ref	rows	filtered	Extra
1	SIMPLE	NULL	NULL	NULL	NULL	NULL	NULL	NULL	NULL	No tables used
Level	Code	Message
Note	1003	select mariadb_schema.rpad('a',3) AS "maxdb_schema.RPAD('a',3)"
----------
sql_mode='ORACLE'   qualifier='oracle_schema.'
query
EXPLAIN EXTENDED SELECT oracle_schema.RPAD('a',3)
id	select_type	table	type	possible_keys	key	key_len	ref	rows	filtered	Extra
1	SIMPLE	NULL	NULL	NULL	NULL	NULL	NULL	NULL	NULL	No tables used
Level	Code	Message
Note	1003	select rpad_oracle('a',3) AS "oracle_schema.RPAD('a',3)"
Warnings:
Note	1003	select rpad_oracle('a',3) AS "oracle_schema.RPAD('a',3)"
CALL p3('RPAD(''a'',3, '' '')');
----------
sql_mode=''   qualifier=''
query
EXPLAIN EXTENDED SELECT RPAD('a',3, ' ')
id	select_type	table	type	possible_keys	key	key_len	ref	rows	filtered	Extra
1	SIMPLE	NULL	NULL	NULL	NULL	NULL	NULL	NULL	NULL	No tables used
Level	Code	Message
Note	1003	select mariadb_schema.rpad('a',3,' ') AS `RPAD('a',3, ' ')`
----------
sql_mode=''   qualifier='unknown_schema.'
query
EXPLAIN EXTENDED SELECT unknown_schema.RPAD('a',3, ' ')
errmsg
ERROR: FUNCTION unknown_schema.RPAD does not exist
----------
sql_mode=''   qualifier='mariadb_schema.'
query
EXPLAIN EXTENDED SELECT mariadb_schema.RPAD('a',3, ' ')
id	select_type	table	type	possible_keys	key	key_len	ref	rows	filtered	Extra
1	SIMPLE	NULL	NULL	NULL	NULL	NULL	NULL	NULL	NULL	No tables used
Level	Code	Message
Note	1003	select mariadb_schema.rpad('a',3,' ') AS `mariadb_schema.RPAD('a',3, ' ')`
----------
sql_mode=''   qualifier='maxdb_schema.'
query
EXPLAIN EXTENDED SELECT maxdb_schema.RPAD('a',3, ' ')
id	select_type	table	type	possible_keys	key	key_len	ref	rows	filtered	Extra
1	SIMPLE	NULL	NULL	NULL	NULL	NULL	NULL	NULL	NULL	No tables used
Level	Code	Message
Note	1003	select mariadb_schema.rpad('a',3,' ') AS `maxdb_schema.RPAD('a',3, ' ')`
----------
sql_mode=''   qualifier='oracle_schema.'
query
EXPLAIN EXTENDED SELECT oracle_schema.RPAD('a',3, ' ')
id	select_type	table	type	possible_keys	key	key_len	ref	rows	filtered	Extra
1	SIMPLE	NULL	NULL	NULL	NULL	NULL	NULL	NULL	NULL	No tables used
Level	Code	Message
Note	1003	select rpad_oracle('a',3,' ') AS `oracle_schema.RPAD('a',3, ' ')`
----------
sql_mode='ORACLE'   qualifier=''
query
EXPLAIN EXTENDED SELECT RPAD('a',3, ' ')
id	select_type	table	type	possible_keys	key	key_len	ref	rows	filtered	Extra
1	SIMPLE	NULL	NULL	NULL	NULL	NULL	NULL	NULL	NULL	No tables used
Level	Code	Message
Note	1003	select rpad_oracle('a',3,' ') AS "RPAD('a',3, ' ')"
----------
sql_mode='ORACLE'   qualifier='unknown_schema.'
query
EXPLAIN EXTENDED SELECT unknown_schema.RPAD('a',3, ' ')
errmsg
ERROR: FUNCTION unknown_schema.RPAD does not exist
----------
sql_mode='ORACLE'   qualifier='mariadb_schema.'
query
EXPLAIN EXTENDED SELECT mariadb_schema.RPAD('a',3, ' ')
id	select_type	table	type	possible_keys	key	key_len	ref	rows	filtered	Extra
1	SIMPLE	NULL	NULL	NULL	NULL	NULL	NULL	NULL	NULL	No tables used
Level	Code	Message
Note	1003	select mariadb_schema.rpad('a',3,' ') AS "mariadb_schema.RPAD('a',3, ' ')"
----------
sql_mode='ORACLE'   qualifier='maxdb_schema.'
query
EXPLAIN EXTENDED SELECT maxdb_schema.RPAD('a',3, ' ')
id	select_type	table	type	possible_keys	key	key_len	ref	rows	filtered	Extra
1	SIMPLE	NULL	NULL	NULL	NULL	NULL	NULL	NULL	NULL	No tables used
Level	Code	Message
Note	1003	select mariadb_schema.rpad('a',3,' ') AS "maxdb_schema.RPAD('a',3, ' ')"
----------
sql_mode='ORACLE'   qualifier='oracle_schema.'
query
EXPLAIN EXTENDED SELECT oracle_schema.RPAD('a',3, ' ')
id	select_type	table	type	possible_keys	key	key_len	ref	rows	filtered	Extra
1	SIMPLE	NULL	NULL	NULL	NULL	NULL	NULL	NULL	NULL	No tables used
Level	Code	Message
Note	1003	select rpad_oracle('a',3,' ') AS "oracle_schema.RPAD('a',3, ' ')"
Warnings:
Note	1003	select rpad_oracle('a',3,' ') AS "oracle_schema.RPAD('a',3, ' ')"
CALL p3('REPLACE(''a'',''b'',''c'')');
----------
sql_mode=''   qualifier=''
query
EXPLAIN EXTENDED SELECT REPLACE('a','b','c')
id	select_type	table	type	possible_keys	key	key_len	ref	rows	filtered	Extra
1	SIMPLE	NULL	NULL	NULL	NULL	NULL	NULL	NULL	NULL	No tables used
Level	Code	Message
Note	1003	select mariadb_schema.replace('a','b','c') AS `REPLACE('a','b','c')`
----------
sql_mode=''   qualifier='unknown_schema.'
query
EXPLAIN EXTENDED SELECT unknown_schema.REPLACE('a','b','c')
errmsg
ERROR: Function 'unknown_schema.REPLACE' is not defined
----------
sql_mode=''   qualifier='mariadb_schema.'
query
EXPLAIN EXTENDED SELECT mariadb_schema.REPLACE('a','b','c')
id	select_type	table	type	possible_keys	key	key_len	ref	rows	filtered	Extra
1	SIMPLE	NULL	NULL	NULL	NULL	NULL	NULL	NULL	NULL	No tables used
Level	Code	Message
Note	1003	select mariadb_schema.replace('a','b','c') AS `mariadb_schema.REPLACE('a','b','c')`
----------
sql_mode=''   qualifier='maxdb_schema.'
query
EXPLAIN EXTENDED SELECT maxdb_schema.REPLACE('a','b','c')
id	select_type	table	type	possible_keys	key	key_len	ref	rows	filtered	Extra
1	SIMPLE	NULL	NULL	NULL	NULL	NULL	NULL	NULL	NULL	No tables used
Level	Code	Message
Note	1003	select mariadb_schema.replace('a','b','c') AS `maxdb_schema.REPLACE('a','b','c')`
----------
sql_mode=''   qualifier='oracle_schema.'
query
EXPLAIN EXTENDED SELECT oracle_schema.REPLACE('a','b','c')
id	select_type	table	type	possible_keys	key	key_len	ref	rows	filtered	Extra
1	SIMPLE	NULL	NULL	NULL	NULL	NULL	NULL	NULL	NULL	No tables used
Level	Code	Message
Note	1003	select replace_oracle('a','b','c') AS `oracle_schema.REPLACE('a','b','c')`
----------
sql_mode='ORACLE'   qualifier=''
query
EXPLAIN EXTENDED SELECT REPLACE('a','b','c')
id	select_type	table	type	possible_keys	key	key_len	ref	rows	filtered	Extra
1	SIMPLE	NULL	NULL	NULL	NULL	NULL	NULL	NULL	NULL	No tables used
Level	Code	Message
Note	1003	select replace_oracle('a','b','c') AS "REPLACE('a','b','c')"
----------
sql_mode='ORACLE'   qualifier='unknown_schema.'
query
EXPLAIN EXTENDED SELECT unknown_schema.REPLACE('a','b','c')
errmsg
ERROR: Function 'unknown_schema.REPLACE' is not defined
----------
sql_mode='ORACLE'   qualifier='mariadb_schema.'
query
EXPLAIN EXTENDED SELECT mariadb_schema.REPLACE('a','b','c')
id	select_type	table	type	possible_keys	key	key_len	ref	rows	filtered	Extra
1	SIMPLE	NULL	NULL	NULL	NULL	NULL	NULL	NULL	NULL	No tables used
Level	Code	Message
Note	1003	select mariadb_schema.replace('a','b','c') AS "mariadb_schema.REPLACE('a','b','c')"
----------
sql_mode='ORACLE'   qualifier='maxdb_schema.'
query
EXPLAIN EXTENDED SELECT maxdb_schema.REPLACE('a','b','c')
id	select_type	table	type	possible_keys	key	key_len	ref	rows	filtered	Extra
1	SIMPLE	NULL	NULL	NULL	NULL	NULL	NULL	NULL	NULL	No tables used
Level	Code	Message
Note	1003	select mariadb_schema.replace('a','b','c') AS "maxdb_schema.REPLACE('a','b','c')"
----------
sql_mode='ORACLE'   qualifier='oracle_schema.'
query
EXPLAIN EXTENDED SELECT oracle_schema.REPLACE('a','b','c')
id	select_type	table	type	possible_keys	key	key_len	ref	rows	filtered	Extra
1	SIMPLE	NULL	NULL	NULL	NULL	NULL	NULL	NULL	NULL	No tables used
Level	Code	Message
Note	1003	select replace_oracle('a','b','c') AS "oracle_schema.REPLACE('a','b','c')"
Warnings:
Note	1003	select replace_oracle('a','b','c') AS "oracle_schema.REPLACE('a','b','c')"
CALL p3('SUBSTR(''a'',1,2)');
----------
sql_mode=''   qualifier=''
query
EXPLAIN EXTENDED SELECT SUBSTR('a',1,2)
id	select_type	table	type	possible_keys	key	key_len	ref	rows	filtered	Extra
1	SIMPLE	NULL	NULL	NULL	NULL	NULL	NULL	NULL	NULL	No tables used
Level	Code	Message
Note	1003	select mariadb_schema.substr('a',1,2) AS `SUBSTR('a',1,2)`
----------
sql_mode=''   qualifier='unknown_schema.'
query
EXPLAIN EXTENDED SELECT unknown_schema.SUBSTR('a',1,2)
errmsg
ERROR: Function 'unknown_schema.SUBSTR' is not defined
----------
sql_mode=''   qualifier='mariadb_schema.'
query
EXPLAIN EXTENDED SELECT mariadb_schema.SUBSTR('a',1,2)
id	select_type	table	type	possible_keys	key	key_len	ref	rows	filtered	Extra
1	SIMPLE	NULL	NULL	NULL	NULL	NULL	NULL	NULL	NULL	No tables used
Level	Code	Message
Note	1003	select mariadb_schema.substr('a',1,2) AS `mariadb_schema.SUBSTR('a',1,2)`
----------
sql_mode=''   qualifier='maxdb_schema.'
query
EXPLAIN EXTENDED SELECT maxdb_schema.SUBSTR('a',1,2)
id	select_type	table	type	possible_keys	key	key_len	ref	rows	filtered	Extra
1	SIMPLE	NULL	NULL	NULL	NULL	NULL	NULL	NULL	NULL	No tables used
Level	Code	Message
Note	1003	select mariadb_schema.substr('a',1,2) AS `maxdb_schema.SUBSTR('a',1,2)`
----------
sql_mode=''   qualifier='oracle_schema.'
query
EXPLAIN EXTENDED SELECT oracle_schema.SUBSTR('a',1,2)
id	select_type	table	type	possible_keys	key	key_len	ref	rows	filtered	Extra
1	SIMPLE	NULL	NULL	NULL	NULL	NULL	NULL	NULL	NULL	No tables used
Level	Code	Message
Note	1003	select substr_oracle('a',1,2) AS `oracle_schema.SUBSTR('a',1,2)`
----------
sql_mode='ORACLE'   qualifier=''
query
EXPLAIN EXTENDED SELECT SUBSTR('a',1,2)
id	select_type	table	type	possible_keys	key	key_len	ref	rows	filtered	Extra
1	SIMPLE	NULL	NULL	NULL	NULL	NULL	NULL	NULL	NULL	No tables used
Level	Code	Message
Note	1003	select substr_oracle('a',1,2) AS "SUBSTR('a',1,2)"
----------
sql_mode='ORACLE'   qualifier='unknown_schema.'
query
EXPLAIN EXTENDED SELECT unknown_schema.SUBSTR('a',1,2)
errmsg
ERROR: Function 'unknown_schema.SUBSTR' is not defined
----------
sql_mode='ORACLE'   qualifier='mariadb_schema.'
query
EXPLAIN EXTENDED SELECT mariadb_schema.SUBSTR('a',1,2)
id	select_type	table	type	possible_keys	key	key_len	ref	rows	filtered	Extra
1	SIMPLE	NULL	NULL	NULL	NULL	NULL	NULL	NULL	NULL	No tables used
Level	Code	Message
Note	1003	select mariadb_schema.substr('a',1,2) AS "mariadb_schema.SUBSTR('a',1,2)"
----------
sql_mode='ORACLE'   qualifier='maxdb_schema.'
query
EXPLAIN EXTENDED SELECT maxdb_schema.SUBSTR('a',1,2)
id	select_type	table	type	possible_keys	key	key_len	ref	rows	filtered	Extra
1	SIMPLE	NULL	NULL	NULL	NULL	NULL	NULL	NULL	NULL	No tables used
Level	Code	Message
Note	1003	select mariadb_schema.substr('a',1,2) AS "maxdb_schema.SUBSTR('a',1,2)"
----------
sql_mode='ORACLE'   qualifier='oracle_schema.'
query
EXPLAIN EXTENDED SELECT oracle_schema.SUBSTR('a',1,2)
id	select_type	table	type	possible_keys	key	key_len	ref	rows	filtered	Extra
1	SIMPLE	NULL	NULL	NULL	NULL	NULL	NULL	NULL	NULL	No tables used
Level	Code	Message
Note	1003	select substr_oracle('a',1,2) AS "oracle_schema.SUBSTR('a',1,2)"
Warnings:
Note	1003	select substr_oracle('a',1,2) AS "oracle_schema.SUBSTR('a',1,2)"
CALL p3('SUBSTR(''a'' FROM 1)');
----------
sql_mode=''   qualifier=''
query
EXPLAIN EXTENDED SELECT SUBSTR('a' FROM 1)
id	select_type	table	type	possible_keys	key	key_len	ref	rows	filtered	Extra
1	SIMPLE	NULL	NULL	NULL	NULL	NULL	NULL	NULL	NULL	No tables used
Level	Code	Message
Note	1003	select mariadb_schema.substr('a',1) AS `SUBSTR('a' FROM 1)`
----------
sql_mode=''   qualifier='unknown_schema.'
query
EXPLAIN EXTENDED SELECT unknown_schema.SUBSTR('a' FROM 1)
errmsg
ERROR: Function 'unknown_schema.SUBSTR' is not defined
----------
sql_mode=''   qualifier='mariadb_schema.'
query
EXPLAIN EXTENDED SELECT mariadb_schema.SUBSTR('a' FROM 1)
id	select_type	table	type	possible_keys	key	key_len	ref	rows	filtered	Extra
1	SIMPLE	NULL	NULL	NULL	NULL	NULL	NULL	NULL	NULL	No tables used
Level	Code	Message
Note	1003	select mariadb_schema.substr('a',1) AS `mariadb_schema.SUBSTR('a' FROM 1)`
----------
sql_mode=''   qualifier='maxdb_schema.'
query
EXPLAIN EXTENDED SELECT maxdb_schema.SUBSTR('a' FROM 1)
id	select_type	table	type	possible_keys	key	key_len	ref	rows	filtered	Extra
1	SIMPLE	NULL	NULL	NULL	NULL	NULL	NULL	NULL	NULL	No tables used
Level	Code	Message
Note	1003	select mariadb_schema.substr('a',1) AS `maxdb_schema.SUBSTR('a' FROM 1)`
----------
sql_mode=''   qualifier='oracle_schema.'
query
EXPLAIN EXTENDED SELECT oracle_schema.SUBSTR('a' FROM 1)
id	select_type	table	type	possible_keys	key	key_len	ref	rows	filtered	Extra
1	SIMPLE	NULL	NULL	NULL	NULL	NULL	NULL	NULL	NULL	No tables used
Level	Code	Message
Note	1003	select substr_oracle('a',1) AS `oracle_schema.SUBSTR('a' FROM 1)`
----------
sql_mode='ORACLE'   qualifier=''
query
EXPLAIN EXTENDED SELECT SUBSTR('a' FROM 1)
id	select_type	table	type	possible_keys	key	key_len	ref	rows	filtered	Extra
1	SIMPLE	NULL	NULL	NULL	NULL	NULL	NULL	NULL	NULL	No tables used
Level	Code	Message
Note	1003	select substr_oracle('a',1) AS "SUBSTR('a' FROM 1)"
----------
sql_mode='ORACLE'   qualifier='unknown_schema.'
query
EXPLAIN EXTENDED SELECT unknown_schema.SUBSTR('a' FROM 1)
errmsg
ERROR: Function 'unknown_schema.SUBSTR' is not defined
----------
sql_mode='ORACLE'   qualifier='mariadb_schema.'
query
EXPLAIN EXTENDED SELECT mariadb_schema.SUBSTR('a' FROM 1)
id	select_type	table	type	possible_keys	key	key_len	ref	rows	filtered	Extra
1	SIMPLE	NULL	NULL	NULL	NULL	NULL	NULL	NULL	NULL	No tables used
Level	Code	Message
Note	1003	select mariadb_schema.substr('a',1) AS "mariadb_schema.SUBSTR('a' FROM 1)"
----------
sql_mode='ORACLE'   qualifier='maxdb_schema.'
query
EXPLAIN EXTENDED SELECT maxdb_schema.SUBSTR('a' FROM 1)
id	select_type	table	type	possible_keys	key	key_len	ref	rows	filtered	Extra
1	SIMPLE	NULL	NULL	NULL	NULL	NULL	NULL	NULL	NULL	No tables used
Level	Code	Message
Note	1003	select mariadb_schema.substr('a',1) AS "maxdb_schema.SUBSTR('a' FROM 1)"
----------
sql_mode='ORACLE'   qualifier='oracle_schema.'
query
EXPLAIN EXTENDED SELECT oracle_schema.SUBSTR('a' FROM 1)
id	select_type	table	type	possible_keys	key	key_len	ref	rows	filtered	Extra
1	SIMPLE	NULL	NULL	NULL	NULL	NULL	NULL	NULL	NULL	No tables used
Level	Code	Message
Note	1003	select substr_oracle('a',1) AS "oracle_schema.SUBSTR('a' FROM 1)"
Warnings:
Note	1003	select substr_oracle('a',1) AS "oracle_schema.SUBSTR('a' FROM 1)"
CALL p3('TRIM(''a'')');
----------
sql_mode=''   qualifier=''
query
EXPLAIN EXTENDED SELECT TRIM('a')
id	select_type	table	type	possible_keys	key	key_len	ref	rows	filtered	Extra
1	SIMPLE	NULL	NULL	NULL	NULL	NULL	NULL	NULL	NULL	No tables used
Level	Code	Message
Note	1003	select mariadb_schema.trim('a') AS `TRIM('a')`
----------
sql_mode=''   qualifier='unknown_schema.'
query
EXPLAIN EXTENDED SELECT unknown_schema.TRIM('a')
errmsg
ERROR: Function 'unknown_schema.TRIM' is not defined
----------
sql_mode=''   qualifier='mariadb_schema.'
query
EXPLAIN EXTENDED SELECT mariadb_schema.TRIM('a')
id	select_type	table	type	possible_keys	key	key_len	ref	rows	filtered	Extra
1	SIMPLE	NULL	NULL	NULL	NULL	NULL	NULL	NULL	NULL	No tables used
Level	Code	Message
Note	1003	select mariadb_schema.trim('a') AS `mariadb_schema.TRIM('a')`
----------
sql_mode=''   qualifier='maxdb_schema.'
query
EXPLAIN EXTENDED SELECT maxdb_schema.TRIM('a')
id	select_type	table	type	possible_keys	key	key_len	ref	rows	filtered	Extra
1	SIMPLE	NULL	NULL	NULL	NULL	NULL	NULL	NULL	NULL	No tables used
Level	Code	Message
Note	1003	select mariadb_schema.trim('a') AS `maxdb_schema.TRIM('a')`
----------
sql_mode=''   qualifier='oracle_schema.'
query
EXPLAIN EXTENDED SELECT oracle_schema.TRIM('a')
id	select_type	table	type	possible_keys	key	key_len	ref	rows	filtered	Extra
1	SIMPLE	NULL	NULL	NULL	NULL	NULL	NULL	NULL	NULL	No tables used
Level	Code	Message
Note	1003	select trim_oracle('a') AS `oracle_schema.TRIM('a')`
----------
sql_mode='ORACLE'   qualifier=''
query
EXPLAIN EXTENDED SELECT TRIM('a')
id	select_type	table	type	possible_keys	key	key_len	ref	rows	filtered	Extra
1	SIMPLE	NULL	NULL	NULL	NULL	NULL	NULL	NULL	NULL	No tables used
Level	Code	Message
Note	1003	select trim_oracle('a') AS "TRIM('a')"
----------
sql_mode='ORACLE'   qualifier='unknown_schema.'
query
EXPLAIN EXTENDED SELECT unknown_schema.TRIM('a')
errmsg
ERROR: Function 'unknown_schema.TRIM' is not defined
----------
sql_mode='ORACLE'   qualifier='mariadb_schema.'
query
EXPLAIN EXTENDED SELECT mariadb_schema.TRIM('a')
id	select_type	table	type	possible_keys	key	key_len	ref	rows	filtered	Extra
1	SIMPLE	NULL	NULL	NULL	NULL	NULL	NULL	NULL	NULL	No tables used
Level	Code	Message
Note	1003	select mariadb_schema.trim('a') AS "mariadb_schema.TRIM('a')"
----------
sql_mode='ORACLE'   qualifier='maxdb_schema.'
query
EXPLAIN EXTENDED SELECT maxdb_schema.TRIM('a')
id	select_type	table	type	possible_keys	key	key_len	ref	rows	filtered	Extra
1	SIMPLE	NULL	NULL	NULL	NULL	NULL	NULL	NULL	NULL	No tables used
Level	Code	Message
Note	1003	select mariadb_schema.trim('a') AS "maxdb_schema.TRIM('a')"
----------
sql_mode='ORACLE'   qualifier='oracle_schema.'
query
EXPLAIN EXTENDED SELECT oracle_schema.TRIM('a')
id	select_type	table	type	possible_keys	key	key_len	ref	rows	filtered	Extra
1	SIMPLE	NULL	NULL	NULL	NULL	NULL	NULL	NULL	NULL	No tables used
Level	Code	Message
Note	1003	select trim_oracle('a') AS "oracle_schema.TRIM('a')"
Warnings:
Note	1003	select trim_oracle('a') AS "oracle_schema.TRIM('a')"
CALL p3('TRIM(BOTH '' '' FROM ''a'')');
----------
sql_mode=''   qualifier=''
query
EXPLAIN EXTENDED SELECT TRIM(BOTH ' ' FROM 'a')
id	select_type	table	type	possible_keys	key	key_len	ref	rows	filtered	Extra
1	SIMPLE	NULL	NULL	NULL	NULL	NULL	NULL	NULL	NULL	No tables used
Level	Code	Message
Note	1003	select mariadb_schema.trim(both ' ' from 'a') AS `TRIM(BOTH ' ' FROM 'a')`
----------
sql_mode=''   qualifier='unknown_schema.'
query
EXPLAIN EXTENDED SELECT unknown_schema.TRIM(BOTH ' ' FROM 'a')
errmsg
ERROR: Function 'unknown_schema.TRIM' is not defined
----------
sql_mode=''   qualifier='mariadb_schema.'
query
EXPLAIN EXTENDED SELECT mariadb_schema.TRIM(BOTH ' ' FROM 'a')
id	select_type	table	type	possible_keys	key	key_len	ref	rows	filtered	Extra
1	SIMPLE	NULL	NULL	NULL	NULL	NULL	NULL	NULL	NULL	No tables used
Level	Code	Message
Note	1003	select mariadb_schema.trim(both ' ' from 'a') AS `mariadb_schema.TRIM(BOTH ' ' FROM 'a')`
----------
sql_mode=''   qualifier='maxdb_schema.'
query
EXPLAIN EXTENDED SELECT maxdb_schema.TRIM(BOTH ' ' FROM 'a')
id	select_type	table	type	possible_keys	key	key_len	ref	rows	filtered	Extra
1	SIMPLE	NULL	NULL	NULL	NULL	NULL	NULL	NULL	NULL	No tables used
Level	Code	Message
Note	1003	select mariadb_schema.trim(both ' ' from 'a') AS `maxdb_schema.TRIM(BOTH ' ' FROM 'a')`
----------
sql_mode=''   qualifier='oracle_schema.'
query
EXPLAIN EXTENDED SELECT oracle_schema.TRIM(BOTH ' ' FROM 'a')
id	select_type	table	type	possible_keys	key	key_len	ref	rows	filtered	Extra
1	SIMPLE	NULL	NULL	NULL	NULL	NULL	NULL	NULL	NULL	No tables used
Level	Code	Message
Note	1003	select mariadb_schema.trim_oracle(both ' ' from 'a') AS `oracle_schema.TRIM(BOTH ' ' FROM 'a')`
----------
sql_mode='ORACLE'   qualifier=''
query
EXPLAIN EXTENDED SELECT TRIM(BOTH ' ' FROM 'a')
id	select_type	table	type	possible_keys	key	key_len	ref	rows	filtered	Extra
1	SIMPLE	NULL	NULL	NULL	NULL	NULL	NULL	NULL	NULL	No tables used
Level	Code	Message
Note	1003	select mariadb_schema.trim_oracle(both ' ' from 'a') AS "TRIM(BOTH ' ' FROM 'a')"
----------
sql_mode='ORACLE'   qualifier='unknown_schema.'
query
EXPLAIN EXTENDED SELECT unknown_schema.TRIM(BOTH ' ' FROM 'a')
errmsg
ERROR: Function 'unknown_schema.TRIM' is not defined
----------
sql_mode='ORACLE'   qualifier='mariadb_schema.'
query
EXPLAIN EXTENDED SELECT mariadb_schema.TRIM(BOTH ' ' FROM 'a')
id	select_type	table	type	possible_keys	key	key_len	ref	rows	filtered	Extra
1	SIMPLE	NULL	NULL	NULL	NULL	NULL	NULL	NULL	NULL	No tables used
Level	Code	Message
Note	1003	select mariadb_schema.trim(both ' ' from 'a') AS "mariadb_schema.TRIM(BOTH ' ' FROM 'a')"
----------
sql_mode='ORACLE'   qualifier='maxdb_schema.'
query
EXPLAIN EXTENDED SELECT maxdb_schema.TRIM(BOTH ' ' FROM 'a')
id	select_type	table	type	possible_keys	key	key_len	ref	rows	filtered	Extra
1	SIMPLE	NULL	NULL	NULL	NULL	NULL	NULL	NULL	NULL	No tables used
Level	Code	Message
Note	1003	select mariadb_schema.trim(both ' ' from 'a') AS "maxdb_schema.TRIM(BOTH ' ' FROM 'a')"
----------
sql_mode='ORACLE'   qualifier='oracle_schema.'
query
EXPLAIN EXTENDED SELECT oracle_schema.TRIM(BOTH ' ' FROM 'a')
id	select_type	table	type	possible_keys	key	key_len	ref	rows	filtered	Extra
1	SIMPLE	NULL	NULL	NULL	NULL	NULL	NULL	NULL	NULL	No tables used
Level	Code	Message
Note	1003	select mariadb_schema.trim_oracle(both ' ' from 'a') AS "oracle_schema.TRIM(BOTH ' ' FROM 'a')"
Warnings:
Note	1003	select mariadb_schema.trim_oracle(both ' ' from 'a') AS "oracle_schema.TRIM(BOTH ' ' FROM 'a')"
DROP PROCEDURE p1;
DROP PROCEDURE p2;
DROP PROCEDURE p3;
